1,チュートリアルだよ。
1,上から下に、左から右に読めるように英単語を作ってね。
1,同じ英単語は1ステージにつき1度しか作れないよ。
1,英単語が揃うまでコマを何個でも配置できるよ。
1,左に居るえらぶくんのお題達成でゲームクリアだ！
1,左上の青いボタンを押して休憩できるよ。
1,左上の緑のボタンを押すたびに一手戻せるよ。
1,ハイスコアを目指そう！
1,ステージ名がヒントになっているかも？
1,ピンクの手札は何度でも使えるよ。オレンジは一回きり！
2,上から下に、左から右に読めるように英単語を作ってね。
2,同じ英単語は1ステージにつき1度しか作れないよ。
2,英単語が揃うまでコマを何個でも配置できるよ。
2,左上の青いボタンを押して休憩できるよ。
2,左上の緑のボタンを押すたびに一手戻せるよ。
2,ハイスコアを目指そう！
2,ステージ名がヒントになっているかも？
2,ピンクの手札は何度でも使えるよ。オレンジは一回きり！
2,制限時間に注意してね！
2,わんつっわんつー
3,上から下に、左から右に読めるように英単語を作ってね。
3,同じ英単語は1ステージにつき1度しか作れないよ。
3,英単語が揃うまでコマを何個でも配置できるよ。
3,左上の青いボタンを押して休憩できるよ。
3,左上の緑のボタンを押すたびに一手戻せるよ。
3,ハイスコアを目指そう！
3,ステージ名がヒントになっているかも？
3,制限時間に注意してね！
3,今日は何月何日かなぁ？
3,4月1日はエイプリルフールだね。気をつけなきゃ。
4,上から下に、左から右に読めるように英単語を作ってね。
4,同じ英単語は1ステージにつき1度しか作れないよ。
4,英単語が揃うまでコマを何個でも配置できるよ。
4,左上の青いボタンを押して休憩できるよ。
4,左上の緑のボタンを押すたびに一手戻せるよ。
4,ハイスコアを目指そう！
4,ステージ名がヒントになっているかも？
4,制限時間に注意してね！
4,いつ？何月何日地球が何回まわった時〜〜？
4,〜BERで終わる月といえば・・・？
5,同じ英単語は1ステージにつき1度しか作れないよ。
5,英単語が揃うまでコマを何個でも配置できるよ。
5,ピンクの手札は何度でも使えるよ。オレンジは一回きり！
5,左上の緑のボタンを押すたびに一手戻せるよ。
5,ステージ名がヒントになっているかも？
5,制限時間に注意してね！
5,上から順番に埋めたくなっちゃうよね〜。
5,あえて下から埋めていくひねくれ者、嫌いじゃないよ！
5,ぴったんぴったんもじぴったん♪
6,同じ英単語は1ステージにつき1度しか作れないよ。
6,英単語が揃うまでコマを何個でも配置できるよ。
6,左上の緑のボタンを押すたびに一手戻せるよ。
6,ステージ名がヒントになっているかも？
6,制限時間に注意してね！
6,キミはどんな季節が好き？
6,春夏秋冬。風情のある言葉だね。
6,ぴったんぴったんもじぴったん♪
7,同じ英単語は1ステージにつき1度しか作れないよ。
7,英単語が揃うまでコマを何個でも配置できるよ。
7,ハイスコアを目指そう！
7,左上の緑のボタンを押すたびに一手戻せるよ。
7,ステージ名がヒントになっているかも？
7,制限時間に注意してね！
7,×２マスの上で英単語を揃えると、得点がより多くもらえるよ♪
7,おはこんばんちわ！
7,ぴったんぴったんもじぴったん♪
8,同じ英単語は1ステージにつき1度しか作れないよ。
8,英単語が揃うまでコマを何個でも配置できるよ。
8,左上の緑のボタンを押すたびに一手戻せるよ。
8,ステージ名がヒントになっているかも？
8,制限時間に注意してね！
8,明日も晴れるといいなぁ・・・。
8,晴れはサニーとも言うよね。
8,雨で外に出れない・・・そんな時にもじぴったん！
8,ぴったんぴったんもじぴったん♪
9,同じ英単語は1ステージにつき1度しか作れないよ。
9,英単語が揃うまでコマを何個でも配置できるよ。
9,左上の緑のボタンを押すたびに一手戻せるよ。
9,ステージ名がヒントになっているかも？
9,制限時間に注意してね！
9,東西南北ぶらり旅♪
9,上下と左右でなんだか共通点があるね！
9,真ん中の隙間にコマ置きたくなっちゃうね。
9,ぴったんぴったんもじぴったん♪
10,ヨコからでもタテからでも読める英単語・・・難しいね。
10,コマを置いたり戻したり、色々試してみよう！
10,RPGでいうと中ボスみたいな感じの問題だね。
10,クロスワードは10問に1問の割合で出題されるよ。
10,ゲームオーバーになっても広告を見ると次に進めるよ！
10,これが解けたら一皮むけた気持ちになれそう。
10,進めば進むほど難しく、自由度の高い問題になるよ。
10,ぴったんぴったんもじぴったん♪
10,テーブルは拡大することができるよ。
11,夢の国に行きたいなぁ。関係ないけど。
11,あーゆーれでぃ？
11,意外な英単語が揃ったりするよね。
11,ハイスコアを目指そう！
11,どんな英単語を揃えるかはキミ次第！
11,正解は、ひとつじゃない・・・！
11,真実は、いつもひとｔ（略
11,キミと一緒に成長していくよ！頑張ろうね！
12,兄弟は何人いるのかなぁ？一人っ子？
12,家族は大事にしなきゃね！
12,お母さんはマミーとも言うね。
12,お父さんはパピーとも言うね。
12,パピーとマミーで犬とミイラだね（謎）
12,もじちゃんとボクの関係は・・・・・・ナイショ♪
12,語尾に共通点があって覚えやすいね。
12,喧嘩するほど仲がいい。素敵な言葉だね。
13,×２マスの上で英単語を揃えると、得点がより多くもらえるよ♪
13,◆３マスの上で英単語を揃えると、得点がたくさんもらえるよ♪
13,ハイスコアを目指そう！
13,今回は喜怒哀楽がテーマだね。
13,笑ってる顔が一番素敵だよ。
13,悲しいときは一人で抱え込まずに、誰かに相談しようね。
13,わわっ！びっくりしたぁ・・・
13,もじちゃんにサプライズプレゼントをあげようかな。
13,えんじょい！もじぴったん！
14,なんだか少し難しそう・・・頑張ってね！
14,自然にも色々だよねー。山だったり川だったり。
14,×２、×３マスの上で英単語を揃えると、得点がより多くもらえるよ♪
14,ハイスコアを目指そう！
14,ピンクの手札は何度でも使えるよ。オレンジは一回きり！
14,自然に関係ないコトバを揃えるのも一つの手段だね。
14,月とすっぽん。天と地の差。マグマとオゾン層。
14,ピンクのコマが便利だからいっぱい使っちゃうね。
14,ぐーちょきぱーの、ぐー！
15,自分にとってすごく身近な家具を想像してみてね。
15,むにゃむにゃ・・・眠くなってきたなぁ。
15,ピンポーン！正解！・・・じゃなくて、チャイムの音でした！
15,まくらがないと寝れないんだぁ。
15,アルファベットのKってあんまり使わないよね〜。
15,たまに広告を見てくれると励みになるなぁ。
15,家具にはこだわりたいよね。ビンテージものとかいいね。
15,家だけじゃくて、学校にもあったりするよ。
15,揃えた単語は後でしっかり復習しよう！
16,球を使った競技は難しいよね。
16,◆２マスの上で英単語を揃えると、得点がたくさんもらえるよ♪
16,小学校位に一通り経験するかもね！
16,みんなで出来るスポーツは特に楽しいね！
16,ケガと制限時間には要注意だね。
16,〜B◆と書いてあると球を想像しちゃうね。
16,スットラィーク！！バッターアウッ！！
16,適度に体を動かすと健康にいいよ。
16,運動部の子はモテモテでうらやましいな〜。
17,日本は平和で良い国だよね。
17,分かる部分から埋めていこう！
17,もじくんは絶賛留学中！
17,キミは海外旅行に行くならどこに行きたい？
17,60億分の・・・1億2千万人・・・凄いね日本。
17,ぴったんぴったんもじぴったん♪
17,連鎖すると気持ちいいよね！
17,外国人に急に道を聞かれるとビックリするね・・・！
17,ジャーマンスープレックスをくらえ！・・・なんてね。
18,なんだかお腹がすいてきたなぁ。
18,グゥ〜〜〜〜〜〜。
18,ハイスコアを目指そう！
18,朝食はパン派？それともご飯派？
18,×２マスの上で英単語を揃えると、得点がより多くもらえるよ♪
18,腹減らずの腕輪があったら良いのにね。
18,ナイフとフォークを使って食べるのって、難しい・・・。
18,お箸を使うのが苦手な外国人も多いよね。
18,へったんへったん腹へったん♪
18,お肉はおいしいけどあんまり食べると・・・。
19,どこからどう見ても、車だよね。
19,×２マスの上で英単語を揃えると、得点がより多くもらえるよ♪
19,小さい頃は車や電車が大好きだったなぁ。
19,ハイスコアを目指そう！
19,ピンクのコマは使いたい放題！自由に並べてね♪
19,えいびーしーでぃーいーえふじー♪
19,どの英単語を揃えればいいか悩んじゃうね。
19,WXYZとかなかなか使わないコマも使ってみよう！
19,ここまでに覚えた単語を使うのもいいね！
19,ぶ〜んぶぅ〜ん（車になったつもり。）。
20,ヨコからでもタテからでも読める英単語・・・難しいね。
20,コマを置いたり戻したり、色々試してみよう！
20,RPGでいうと中ボスみたいな感じの問題だね。
20,クロスワードは10問に1問の割合で出題されるよ。
20,ゲームオーバーになっても広告を見ると次に進めるよ！
20,制限時間に注意してね！
20,進めば進むほど難しく、自由度の高い問題になるよ。
20,テーブルは拡大することができるよ。
20,最後のコマを揃える前にじっくり考えてみてね。
20,ここをクリアすれば次は中級ステージだ！頑張ろう！
21,うん、人にしか見えないね。
21,配置できる文字数が少ないから注意だよ！
21,×２マスの上で英単語を揃えると、得点がより多くもらえるよ♪
21,体のパーツを表す英単語も考えてみよう！
21,連鎖をしないと少し厳しいね。
21,ハイスコアを目指そう！
21,頭、首、手、足・・・他にどんな部位があるかな。
21,もじくんには手と足と体しかないよ〜。
21,五体満足って使いどころの難しい熟語だよね。
21,ボディーランゲージも海外では有効だよね。
22,果物って甘くておいしくて・・・大好きだなぁ。
22,季節限定ってコトバに皆弱いよね〜！
22,りんご、みかんは王道の果物！
22,ドリアンは果物の王様なんだよ！
22,ぺんぱいなっぽーあっぽーぺーん。
22,ライオンはキウイが大好きなんだって！
22,パイナップルとリンゴは何か関係ありそうだよね。
22,ショートケーキの上のイチゴがまた、最高だよね。
22,日本で一番最初に栽培されたのは梨なんだって！
22,冬はコタツにみかん！日本の常識だね。
23,動物に見えなくも・・・ない？
23,キミは犬派？猫派？
23,ペットショップに行くとついつい見ちゃうね。
23,ウキッ、ウキーッ！！
23,サルと人間ってすごく似てるよね。
23,ゴリラの血液型はみんなB型らしいよ。
23,お魚くわえたにゃんにゃん〜♪
23,ネズミはチーズ好きではなくむしろ苦手なんだとか・・・。
23,馬は鼻からしか息ができないんだって。
23,キリンの睡眠時間は1日20分なんだって！
24,ぺんぱいなっぽーあっぽーぺんしる。
24,×２マスの上で英単語を揃えると、得点がより多くもらえるよ♪
24,◆２、◆３マスの上で英単語を揃えると、得点がたくさんもらえるよ♪
24,8文字の英単語を考えてみよう。
24,ハイスコアを目指そう！
24,文房具は日常会話によく出てきそうだね。
24,ピンクのコマは使い放題！
24,まずは身近な文房具から想像してみよう。
24,なるほど・・・メモメモ・・・。
24,オレンジのMとYのコマが意味深だね。
25,◆２マスの上で英単語を揃えると、得点がたくさんもらえるよ♪
25,キミは甘いものは好き？ボクは大好き！
25,パンケーキ食べたい♪パンケーキ食べたい♪
25,2月14日はバレンタインデーだね。
25,デザートはカタカナ英語が多いかもね。
25,きっとみんなが食べたことあるものばかりだよ！
25,日本のショートケーキは日本独自のものなんだって。
25,スイーツ男子は誉め言葉さ！
25,紅茶に合いそうなものばかりだね！
25,ちーよーこーれーいーと！
26,野菜は栄養満点！
26,ピンクのコマは使い放題！
26,×２マスの上で英単語を揃えると、得点がより多くもらえるよ♪
26,サラダのドレッシングはいつも迷っちゃうね。
26,子供の頃はトマトが苦手だったなぁ・・・。
26,タマネギを切るときはなんであんなに涙が出るんだろ・・・。
26,レタスには安眠効果があるらしいよ！
26,カリフラワーはブロッコリーの突然変異種？
26,ブロッコリーの和名は緑花椰菜（みどりはなやさい）。
26,なんだかお腹が減ってきたなぁ・・・。
27,左から順番に埋めたくなるね。
27,最後にTH・・・共通点が多いね。
27,左から３つは野球でもよく使う言葉だね。
27,制限時間に注意してね！素早く揃えよう。
27,ピンクのコマは何度でも使えるよ！
27,左記にオレンジを使い切ると安心かもね。
27,意外とつづりを間違えがちだよね。
27,いつだって目指すのは一番だね！
27,あえて違う単語を揃えてみるのも面白いかも。
27,すっすっす〜。
27,A〜Zのコマがそれぞれ1個ずつしか使えないよ。
28,長い英単語ほど揃えるのが難しくなるね。
28,今まで習った英単語で使えるものがありそう！
28,ハイスコアを目指そう！
28,×２マスの上で英単語を揃えると、得点がより多くもらえるよ♪
28,◆２マスの上で英単語を揃えると、得点がたくさんもらえるよ♪
28,連鎖が大事になってくるね。
28,直線ばかりだとやりづらいねー。
28,ぴったんぴったんもじぴったん♪
28,1文字の英単語は揃えることができないよ。
29,ぐるぐるだね。
29,×２マスの上で英単語を揃えると、得点がより多くもらえるよ♪
29,ピンクのコマを有効的に活用しよう。
29,ハイスコアを目指そう！
29,英辞書でカンニングは厳禁だよ〜！
29,目が回ってきたよ〜。
29,いい点とれたら皆に自慢しようね。
29,ぴったんぴったんもじぴったん♪
29,全部埋められると面白いんだけど・・・。
29,ゲームは一日一時間！
30,さあやって参りました、クロスワード。
30,今度はテーブルが真っ白だね。
30,自由に見えて、結構シビアだよ〜。
30,テーブルは拡大することができるよ。
30,制限時間に注意してね！
30,何も考えずにとりあえず配置してみるのもいいかも。
30,遊びと勉強を両立できるのがもじぴったん♪
30,今作ではえらぶくんが退屈そうだね。
30,中級編の折り返し地点だよ！
30,苦手な人は広告を見て飛ばすのも一つの選択だね。
31,可愛い犬でしょ？え？犬に見えない？
31,DOGはテーブルにあるコマしか使えないよ。
31,×２、×３マスの上で英単語を揃えると、得点がより多くもらえるよ♪
31,ハイスコアを目指そう！
31,連鎖を意識したほうがより得点がもらえそうだね。
31,ピンクのコマは使い放題！
31,犬が飼いたくなってくるなぁ。
31,わんわん！わんわん！
31,犬はエサが欲しそうな顔でこちらを見ている。
31,ぴったんぴったんもじぴったん♪
32,グゥググゥググゥググゥグゥグゥ〜〜〜！
32,単語の中にBがあればなんでもOKだよ！
32,イイネ！という意味もあるそうな。
32,Bで始まる単語はたくさんあるよ〜。
32,ベータ世界線を目指そう！（意味深）
32,ハイスコアを目指そう！
32,押すなと言われると押したくなっちゃうものなーんだ？
32,先輩・・・制服の第二ボタンもらっていいですか・・・？
32,えぃびーしーでぃーいーえふじー♪
32,ぴったんぴったんもじぴったん♪
33,ウケる〜〜ｗｗｗｗｗ
33,草生えるってどういう意味だろう・・・？
33,大草原不可避？大爆笑ってことかな。
33,wを使う単語って意外に少ないかも。
33,山という字に見えなくもないね。
33,Mと間違えないでね〜。
33,ワクドナールド♪
33,パソコンのOSは何使ってる？
33,ネットでよく見かけるコトバ・・・。
33,昔２ちゃんねるって掲示板あったよね。
34,コップの中身は・・・ナイショだよ！
34,お酒は二十歳になってから！
34,×２マスの上で英単語を揃えると、得点がより多くもらえるよ♪
34,◆２マスの上で英単語を揃えると、得点がたくさんもらえるよ♪
34,ウィ〜、ヒック（酔ってはいない。）。
34,オレンジコマの使い方は気を付けてね！
34,炭酸は飲みすぎると体に良くないよ。おいしいけどね♪
34,コーヒーを飲むと目が覚めて集中力が上がるね。
34,ドランクドラゴンは酔っ払いの龍？違うか。
34,ね、眠たくなんて、ないんだからねっ！
35,手札にもTのコマがあるね。
35,真ん中のTをたくさん活用しよう！
35,最大5文字しか並べれない点に注意だ。
35,ハイスコアを目指そう！
35,なんだか盾にも見えるね。バックラーだっけ。
35,まずは持ち手札を全部チェックしよう。
35,ティー！ティティー！ティーティーティティー！
35,制限時間に注意してね！
35,正解はたくさんあるから何度でも遊べるよ！
35,テーブルは拡大することができるよ。
36,ずっとボクのターン！！！
36,トランプって楽しいよね！
36,大富豪やポーカーは戦略が大事だね。
36,ブラックジャックはわりと運次第だよね。
36,ババ抜きでジョーカー引いたときの表情に注意！
36,トランプのマークにも注目！
36,賭け事をせず、健全に遊ぼうね〜！
36,ぴったんぴったんもじぴったん♪
36,旅行にトランプは必須アイテムだね。
36,ボクのライフはもうゼロよ〜！
37,ハロウィンの常套句といえば？
37,ドクロマークが怖いね。
37,×３マスの上で英単語を揃えると、得点がより多くもらえるよ♪
37,◆３マスの上で英単語を揃えると、得点がたくさんもらえるよ♪
37,ハイスコアを目指そう！
37,おばけは苦手だなぁ・・・。
37,魔法が使えたらなぁ・・・うぃんが〜でぃあむ・・・。
37,ホグワーツ魔術学校に通いたいな。
37,おかしくれないとイタズラしちゃうゾ！
37,ハロウィンは10月31日だよ。
38,円環の理・・・。
38,動詞で考えてみよう！
38,共通した語尾がいくつかありそうだね。
38,日頃の行いが良いと良いことが返ってくるよ。
38,日々精進！
38,知恵の輪みたいだね。
38,ハイスコアを目指そう！
38,ぴったんぴったんもじぴったん♪
38,テーブルは拡大することができるよ。
38,最大5文字しか並べれない点に注意だ。
39,手札にもTのピンクコマがあるね。
39,真ん中のTがおっきいね！
39,まずは3文字の方を埋めていこう。
39,ハイスコアを目指そう！
39,綺麗に並べるのは難しそうだね。
39,まずは持ち手札を全部チェックしよう。
39,ティー！ティティー！ティーティーティティー！
39,制限時間に注意してね！
39,正解はたくさんあるから何度でも遊べるよ！
39,テーブルは拡大することができるよ。
40,さあやって参りました、クロスワード。
40,今度はタテヨコ４マスずつあるね。
40,自由に見えて、結構シビアだよ〜。
40,テーブルは拡大することができるよ。
40,制限時間に注意してね！
40,遊びと勉強を両立できるのがもじぴったん♪
40,ここをクリアすれば次は上級ステージだ！頑張ろう！
40,苦手な人は広告を見て飛ばすのも一つの選択だね。
40,真実は、いつもひとつ！
40,紙に書いてみるのもいいかもね。
41,語尾が共通しているものが多いね。
41,サンタさんのブーツみたい♪
41,キミは将来どんなお仕事をしたい？
41,ゲーム作りは大変だけど、やりがいがあるよ！
41,制限時間に注意してね！
41,小さい頃は宇宙飛行士になりたかったなぁ。
41,花屋さんやパン屋さんもオシャレだね。
41,手札とテーブルを照らし合わせてみてね！
41,飲食店だとつまみ食いしちゃいそう・・・えへへ。
41,小さい頃から大きな目標があるといいね。
42,社会の授業は眠くなりがちだったなぁ。
42,右上から埋めていくといいかも！
42,大人になると社会が生活の一部になるね。
42,赤信号は渡っちゃいけないよ〜。
42,交番の前に立っている人は眠たくないのかなぁ。
42,むにゃむにゃ・・・・・・ハッ！ね、寝てないよ。
42,なんだか急に難しくなった気がするね。
42,制限時間に注意してね！
42,ぴったんぴったんもじぴったん♪
42,笑顔は、プライスレス！
43,REはメールの返信という意味もあるね。
43,REに続く単語はいっぱいあるよ！
43,今の状態を引き継いで人生やり直したいなぁ。
43,勉強は同じことを反復するのが効果的だよ。
43,勉強も遊びも同じことばかりだと飽きちゃうね。
43,REの後に動詞がつくことが多いよ。
43,キャッチアンドリリース！
43,制限時間に注意してね！
43,ぴったんぴったんもじぴったん♪
43,タイムリープで何度でもやり直し！
44,文字がいっぱいで目が疲れちゃうね。
44,見えにくかったら拡大してみてね。
44,長い名前の職業が多いね。
44,全部9文字になるんだ〜！
44,とったどー！って言う人だれだっけ。
44,バーのマスターとかモテそうだよね。
44,英語を覚えれば色んな仕事ができちゃうよ！
44,真実は、いつもひとつ！
44,小さい頃は宇宙飛行士になりたかったなぁ。
44,花屋さんやパン屋さんもオシャレだね。
45,足に見えなくもないね。
45,色んな人が集まるイベントを想像してみよう！
45,ビッグサイトの近くの駅は国際展示場だね。
45,制限時間に注意してね！
45,ぴったんぴったんもじぴったん♪
45,仕事の打ち合わせはなんて言うんだろう。
45,人と人との関わりは大事だね。
45,最近はSNSが世界中に普及してるね。
45,日本にはおよそ一億人の人がいるよ。
45,人がいっぱいいるとなぜか緊張しちゃうよね。
46,魚に見えなくもないね。
46,ハイスコアを目指そう！
46,×２、×３マスの上で英単語を揃えると、得点がより多くもらえるよ♪
46,真ん中から揃えていった方がいいかもね！
46,うーん、どんどん難しくなっていくなあ。
46,ぴったんぴったんもじぴったん♪
46,制限時間に注意してね！
46,右上のスキマが気になるタイプ？
46,えらぶくんが暇そうにしてるよ〜。
46,色んなアルファベットを並べてみてね！
47,世の中にはいろんな職業があるんだね。
47,手札の数がどんどん増えてるよぉ〜。
47,難しかったら無理せずとばしてね。
47,プロって響き、なんかいいよね。
47,語尾が共通しているものが多いね。
47,自宅警備員というお仕事？があるらしいね。
47,給料日はテンションが上がるよ〜！
47,ぴったんぴったんもじぴったん♪
47,少しだけなら調べてもいいんだよ。
47,揃えた単語はしっかり覚えてね〜。
48,プレゼントでもらえると嬉しいね。
48,この問題は女の子が有利かもね〜。
48,唇が乾燥するときに使うコスメは？
48,最近は男の子でも化粧をするんだとか・・・。
48,ファンデは顔を白く塗りすぎちゃいそう。
48,美容師さんにも聞いてみよう！
48,そろそろ髪切ろうかな〜。（意味深）
48,だれだって「ええかっこしい」だもんね。
48,ボクもオシャレしたいなぁ。
48,ぴったんぴったんもじぴったん♪
49,見たまんま魚！だね。
49,×２、×３マスの上で英単語を揃えると、得点がより多くもらえるよ♪
49,◆２、◆３マスの上で英単語を揃えると、得点がたくさんもらえるよ♪
49,ハイスコアを目指そう！
49,4000点って難しいね・・・。
49,×マスや◆マスで連鎖させると大きいね。
49,ピンクのコマは使い放題！
49,必ずしも魚の名前じゃなくても良いんだよ。
49,とったどー！って言う人だれだっけ。
49,制限時間に注意してね！
50,さあやって参りました、クロスワード。
50,自由に見えて、結構シビアだよ〜。
50,テーブルは拡大することができるよ。
50,制限時間に注意してね！
50,何も考えずにとりあえず配置してみるのもいいかも。
50,遊びと勉強を両立できるのがもじぴったん♪
50,上級ステージも折り返しまできたね！すごい！
50,苦手な人は広告を見て飛ばすのも一つの選択だね。
50,真実は、いつもひとつ！
50,紙に書いてみるのもいいかもね。
51,君はマック派？マクド派？
51,ハンバーガーに入っている調味料は？
51,◆３マスの上で英単語を揃えると、得点がたくさんもらえるよ♪
51,◆３マスで何を揃えるかがクリアのカギだね。
51,料理できる人はやっぱりモテるよね。
51,味変するといつも食べている物でも飽きないね。
51,関西では二度漬け禁止！だよね。
51,東京の方がさっぱりした味が多いかも。
51,アメリカのご飯は量も多いし味も濃いよ〜！
51,グランデサイズってすっごくおっきいよね！
52,すごい、横に１２マスも広がってるよ。
52,左の接頭辞に単語を繋げてみてね！
52,共通点が多いと覚えやすいよね。
52,この問題は否定形が多いね。
52,ピンクのコマは使い放題！
52,出来るだけ長い単語を作ってみよう！
52,このゲームのパズルの文字数は１５が限界なんだぁ。
52,ぴったんぴったんもじぴったん♪
52,制限時間に注意してね！
52,難しければ一度広告を見て飛ばしてみるのもアリだね。
53,見やすい位置にテーブルを動かしてね。拡大もできるよ。
53,タテにもヨコにも長いなぁ。
53,使えそうな単語がどんどん難しくなっていくよ〜。
53,ピンクのコマは使い放題！
53,このゲームのパズルの文字数は１５が限界なんだぁ。
53,制限時間に注意してね！
53,共通点が多いと覚えやすいよね。
53,接頭辞に単語を繋げてみてね！
53,短いほうから揃えた方がいいかもね。
53,ぴったんぴったんもじぴったん♪
54,波のような見た目だね。
54,語尾を意識して英単語を揃えてみよう！
54,オレンジコマをうまく使いきれると完璧だね。
54,制限時間に注意してね！
54,ぴったんぴったんもじぴったん♪
54,波乗りぴったんだ〜！
54,今はゲームの進捗としては7割くらいかなぁ。
54,悩んじゃうね。
54,間違えても大丈夫！戻るボタンがある！
54,ノリノリな気持ちになってきた♪
55,×３マスの上で英単語を揃えると、得点がより多くもらえるよ♪
55,◆３マスの上で英単語を揃えると、得点がたくさんもらえるよ♪
55,Ｋがつく単語は少ないから難しいね。
55,ハイスコアを目指そう！
55,なるべく長い単語を作れるといいね。
55,がんばって連鎖させてみよう！
55,パンチパンチ！キックキック！
55,格闘ゲームで勝った時はなんて言う？
55,オッケーゴーグル。
55,制限時間に注意してね！
56,だんだんスケールが大きくなってきたね。
56,３種類の接尾辞があるね。
56,ピンクのコマは使い放題！
56,マスを全部埋められるといいなあ。
56,意外に手札の数は少ないね。
56,考える前に手を動かしてみよう！
56,バベルの塔みたいだ・・・。
56,真実は、ひとつじゃない！
56,Pがきれーいに並んでるね。
56,ぴったんぴったんもじぴったん♪
57,Uの手札コマが一番多いね。
57,真実は、ひとつかも！
57,英単語力はかなりアップしたんじゃないかな〜！
57,ワ、レ、ワ、レ、ワ、ウチュウジンダ。ウソダ。
57,上から順番に揃えていく方がいいかもね。
57,なぜか今すごくおでんが食べたいよ。
57,ぴったんぴったんもじぴったん♪
57,なんだか変な形をしているね。
57,何度でもチャレンジすることが大切だよ。
57,難しくなってきたけど、頑張ってね！
58,新しいタイプの問題だね。
58,左側と右側につながるコトバを入れてみてね！
58,上の行はアップルって入れたくなるね。入れないでね。
58,制限時間に注意してね！
58,手札がいっぱいあると悩んじゃうね。
58,Aの手札コマが一番多いね。
58,ワ、レ、ワ、レ、ワ、ウチュウジンダ。ウソダ。
58,上から順番に揃えていく方がいいかもね。
58,何度でもチャレンジすることが大切だよ。
58,難しくなってきたけど、頑張ってね！
59,あれ、なんだか見たことあるフォルム・・・。
59,もじ、くん、？ロボ・・・？
59,×３マスの上で英単語を揃えると、得点がより多くもらえるよ♪
59,◆３マスの上で英単語を揃えると、得点がたくさんもらえるよ♪
59,30個って大変だぁ・・・！
59,ワ、レ、ワ、レ、ワ、ウチュウジンダ。ウソダ。
59,正解はたくさんあるから何度でも遊べるよ！
59,ハイスコアを目指そう！
59,なんだか今にも動き出しそうな雰囲気だね。
59,もじくんはこんな目してないよ〜。
60,さあやって参りました、クロスワード。
60,自由に見えて、結構シビアだよ〜。
60,テーブルは拡大することができるよ。
60,制限時間に注意してね！
60,何も考えずにとりあえず配置してみるのもいいかも。
60,遊びと勉強を両立できるのがもじぴったん♪
60,上級ステージもこれでラストだよ〜！
60,苦手な人は広告を見て飛ばすのも一つの選択だね。
60,真実は、いつもひとつ！
60,紙に書いてみるのもいいかもね。
61,栄養はバランスよくとった方がいいんだよね。
61,まずは目指せ100歳だね！
61,あの地平線まで走れー！！
61,まずは野菜をたくさん食べるところからかな〜！
61,神級へようこそ！
61,ビタミンはいっぱい採らないとね♪
61,×３マスの上で英単語を揃えると、得点がより多くもらえるよ♪
61,揃えた単語は休憩中やクリア後などに確認できるよ。
61,うまいこと手札を使い切ればクリアだね！
61,ぴったんぴったんもじぴったん♪
62,テーブルは拡大することができるよ。
62,テーブルを見やすい位置に調整しよう。
62,かなり専門的な内容だね。
62,神級は解けたら凄い問題ばかりだよ。
62,諦めずにチャレンジしてみよう！
62,ゲームは一日一時間！
62,アベノミクスについては・・・書いてないね。
62,マネーの虎については・・・書いてないね。
62,今のアメリカの大統領は・・・トランプさんだね。
62,神級へようこそ！
63,問題名は地球・・・壮大だね。
63,地球は・・・青かった・・・。
63,開発者のヒゲは・・・青かった・・・。
63,地球儀を眺めていると、なんだかワクワクするよね。
63,制限時間に注意してね！
63,神級へようこそ！
63,ぴったんぴったんもじぴったん♪
63,地球は自転しているんだよ。
63,雲を眺めていると、時間の流れがゆっくりに感じるね。
63,天気の良い夜に空を眺めてごらん。星がいっぱいだよ。
64,アウストラロピテクス・・・ってなんだっけ？
64,右上のスキマが気になるタイプ？
64,人類学って大層な名前だなあ。
64,昔の人は限りなくサルに近いよね。
64,猿の惑星って映画・・・あれはすごい話だったなぁ。
64,上から順番に揃えていく方がいいかもね。
64,人の進化はすごいよね！
64,まずは目指せ100歳！
64,今覚えておくと後々役に立つかも？
64,終わったら復習を忘れずにね！
65,地球は・・・青かった・・・。
65,開発者のヒゲは・・・青かった・・・。
65,制限時間に注意してね！
65,ぴったんぴったんもじぴったん♪
65,雲を眺めていると、時間の流れがゆっくりに感じるね。
65,天気の良い夜に空を眺めてごらん。星がいっぱいだよ。
65,明日は晴れるでしょう。たぶんね。
65,アメリカは台風やハリケーンが多いらしいね。
65,朝のニュースのお天気お姉さんには癒されるよね。
65,考えるのではない・・・感じるんだ。
66,宇宙・・・それは神秘・・・。
66,ブラックホールの付近は空間が歪んでるのかな。
66,ブラックホールには時を越える力がある・・・？
66,ノスタルジックな気分になるね。
66,ダイアモンドで出来た星があるらしいよ。
66,織姫と彦星のお話・・・ロマンチックだよね。
66,地球の寿命は残り17億年と言われているよ。
66,水星は太陽に近いから水が全く無いらしいよ。
66,宇宙には匂いがあるんだって・・・！
66,土星は水に浮くほど軽いんだって。
67,アウストラロピテクス・・・ってなんだっけ？
67,ペンギンは昔空を飛んでいたんだって。
67,制限時間に注意してね！
67,ぴったんぴったんもじぴったん♪
67,上の単語が13文字とすごく長いね。
67,諦めずにチャレンジしてみよう！
67,いきものがかりになりたいな。
67,今覚えておくと後々役に立つかも？
67,終わったら復習を忘れずにね！
67,生き物の進化はすごいよね！
68,ハイスコアを目指そう！
68,×２マスの上で英単語を揃えると、得点がより多くもらえるよ♪
68,いきものがかりになりたいな。
68,生き物の進化はすごいよね！
68,今覚えておくと後々役に立つかも？
68,終わったら復習を忘れずにね！
68,諦めずにチャレンジしてみよう！
68,犬も猫舌なんだって。面白いね。
68,コウモリは唯一飛行できる哺乳類なんだって。
68,アリは24時間寝ずに行動できるんだって。
69,上から順番に揃えていく方がいいかもね。
69,聞いたことのある惑星がいくつかありそうだね。
69,テラフォーミングって知ってる？
69,金星は地球によく似ているんだって！
69,土星は大半がガスで出来ているんだって！
69,宇宙船なら月まで2日で着くんだって！
69,木星には未知の生命体が住んでいるのかも。
69,より早くゲームクリアを目指そう！
69,今覚えておくと後々役に立つかも？
69,終わったら復習を忘れずにね！
70,さあやって参りました、クロスワード。
70,３個もあると大変だね・・・！
70,テーブルは拡大することができるよ。
70,制限時間に注意してね！
70,何も考えずにとりあえず配置してみるのもいいかも。
70,遊びと勉強を両立できるのがもじぴったん♪
70,神級ステージの折り返し！ここまで来たキミは凄い！
70,苦手な人は広告を見て飛ばすのも一つの選択だね。
70,真実は、いつもひとつ！
70,紙に書いてみるのもいいかもね。
71,縮小してみると、怪獣みたいだね。
71,上級ステージであった接尾辞だね。
71,解けそうな英単語から揃えてみよう。
71,たくさんあるからサクサク解かないとね♪
71,TOEICやTOEFLで出題傾向にあるよ。
71,神級折り返し地点へようこそ！
71,後10問クリアすればコンプリートだ！
71,諦めずにチャレンジしてみよう！
71,今覚えておくと後々役に立つかも？
71,終わったら復習を忘れずにね！
72,環境問題についてしっかり考えよう。
72,TOEICやTOEFLで出題傾向にあるよ。
72,解けそうな英単語から揃えてみよう。
72,諦めずにチャレンジしてみよう！
72,地球温暖化が一時期深刻な問題だったよね。
72,ごみはきちんとごみ箱へ！
72,リユースリデュースリサイクル♪
72,皆で住みやすい環境を作っていこう！
72,真実は、いつもひとつ！
72,遊びと勉強を両立できるのがもじぴったん♪
73,ハイスコアを目指そう！
73,×３マスの上で英単語を揃えると、得点がより多くもらえるよ♪
73,環境問題についてしっかり考えよう。
73,TOEICやTOEFLで出題傾向にあるよ。
73,解けそうな英単語から揃えてみよう。
73,諦めずにチャレンジしてみよう！
73,地球温暖化が一時期深刻な問題だったよね。
73,ごみはきちんとごみ箱へ！
73,リユースリデュースリサイクル♪
73,皆で住みやすい環境を作っていこう！
74,ぴったり10文字となるとなかなか浮かばないね。
74,まずは左の列を埋めてみよう！
74,制限時間に注意してね！
74,ハイスコアを目指そう！
74,A〜Zのピンクコマが全て使えるよ。
74,これが解けると一皮むけた気持ちになるね。
74,紙に書いてみるのもいいかもね。
74,難しければ一度広告を見て飛ばしてみるのもアリだね。
74,ここまで頑張ってきたんだ。最後までいっちゃおう！
74,戻るボタンが活躍しそうだね。
75,このキャラクターはなんだろう？
75,お団子みたいでかわいいね♪
75,だんご、だんご、だんご、だんご。
75,だんご三兄弟、好きだったなあ。
75,まずは口の所を埋めてみよう！
75,連鎖させるのも一つの手だね！
75,ハイスコアを目指そう！
75,やみくもに並べてもなかなかクリアできないよ。
75,A〜Zのピンクコマが全て使えるよ。
75,今まで覚えてきた単語を活用してみよう！
76,プロジェクトＱ〜〜〜。
76,×２、×３マスの上で英単語を揃えると、得点がより多くもらえるよ♪
76,Q以外のすべてのアルファベットが使えるよ♪
76,短いほうから揃えた方がいいかもね。
76,？マークって英語でなんて呼ぶんだっけ。
76,ハイスコアを目指そう！
76,神級クリアまでもう一息だね！
76,連鎖させるのも一つの手だね！
76,今まで覚えてきた単語を活用してみよう！
76,ここまで頑張ってきたんだ。最後までいっちゃおう！
77,ハイスコアを目指そう！
77,×２マスの上で英単語を揃えると、得点がより多くもらえるよ♪
77,運動の後はアクエリに限るね。
77,ここまで頑張ってきたんだ。最後までいっちゃおう！
77,ぴったんぴったんもじぴったん♪
77,漫画に出てきそうな名前ばかりだね。
77,冬はカニ鍋が最高だね。
77,手札のコマから答えを想像してみてね！
77,制限時間に注意してね！
77,思わぬ単語が揃っちゃうかも・・・！
78,全問制覇まであと３問！
78,なんだかすごいテーブルだね。
78,アメリカはスクールカーストが社会問題なんだ。
78,人類皆平等、の考え方を大切にね。
78,いじめ、カッコワルイ！
78,ハイスコアを目指そう！
78,連鎖のタイミングが重要だね。
78,手札のオレンジコマから答えを想像してみてね！
78,上から順番に揃えていく方がいいかもね。
78,ふれー！ふれー！がんばーれ！
79,Ｚと数字の２ってややこしい時あるよね。
79,ふれー！ふれー！がんばーれ！
79,全問制覇まであと２問！
79,ハイスコアを目指そう！
79,Ｚを使う単語って少ないんだ。100個より少ないかも。
79,ぴったんぴったんもじぴったん♪
79,ガ〇ダムＺに憧れていたなぁ。
79,Zの真ん中に斜め線を入れたくなるね。
79,次回、最終回！
79,制限時間に注意してね！
80,さあやって参りました、クロスワード。
80,４個もあると大変だね・・・！
80,テーブルは拡大することができるよ。
80,制限時間に注意してね！
80,何も考えずにとりあえず配置してみるのもいいかも。
80,遊びと勉強を両立できるのがもじぴったん♪
80,ついに、最後の問題だよ！頑張って！
80,ここまで、長かったね・・・おめでとう！
80,この後はランダムモードや辞書モードを楽しんでね！
80,紙に書いてみるのもいいかもね。
81,ランダムモードへようこそ！
81,ここではお題の文字数がランダムになるよ。
81,テーブルに置いてあるコマも使ってみてね。
81,今まで習ってきた英単語の集大成だね♪
81,制限時間に注意してね！
81,ここまできたキミは英単語マスター！
81,今なら英語で会話もできるかな？
81,学んだことを日常生活で活かしてくれると嬉しいな。
81,語学留学は凄く刺激になるよ。
81,このアプリを評価してね♪
82,ランダムモードへようこそ！
82,ここではお題の得点がランダムになるよ。
82,特殊マスの上で連鎖させてみよう！
82,短い単語でも連鎖で高得点を狙えるよ。
82,制限時間に注意してね！
82,ここまできたキミは英単語の鬼！
82,学んだことを日常生活で活かしてくれると嬉しいな。
82,テストでも良い点とると嬉しいよね。
82,手札のコマは使い放題！
82,このアプリを評価してね♪
83,アンリミテッドモードへようこそ！
83,ここでは英単語を好きなだけ配置できるよ。
83,連鎖の幅を広げてみよう！
83,楽しみ方、無限大！
83,最後まで遊んでくれてありがとう♪
83,このアプリを評価してね♪
83,エブリデイもじぴったん！
83,ここで練習して過去問でハイスコアを狙おう！
83,真っ白なキャンバスに英単語を自由に描いてね。
83,ぴったんぴったんもじぴったん♪
